,activities,count,%
0,NEW,100000,100.0
1,FIN,71006,71.006
2,RELEASE,67095,67.095
3,CODE OK,63820,63.82
4,BILLED,64854,64.854
5,DELETE,8221,8.221
6,REOPEN,4084,4.0840000000000005
7,CHANGE DIAGN,42314,42.314
8,STORNO,2548,2.548
9,REJECT,1830,1.83
10,CODE NOK,3054,3.0540000000000003
11,SET STATUS,631,0.631
12,CHANGE END,33,0.033
13,MANUAL,243,0.243
14,JOIN-PAT,95,0.095
15,CODE ERROR,67,0.067
16,ZDBC_BEHAN,1,0.001
17,EMPTY,449,0.449
