,Activity,ends,Percentage
0,BILLED,56696,64.87698821375444
1,DELETE,4813,5.5074951367433345
2,NEW,22373,25.601327382995763
3,FIN,3508,4.014189266506466
