,ends,value_ends,Percentage
0,BILLED,63498,63.498
1,NEW,8215,8.215
2,DELETE,22407,22.407
3,FIN,3611,3.611
4,CODE OK,600,0.6
5,SET STATUS,948,0.9480000000000001
6,EMPTY,85,0.08499999999999999
7,RELEASE,47,0.047
8,MANUAL,19,0.019
9,JOIN-PAT,107,0.107
10,CHANGE DIAGN,14,0.013999999999999999
11,CODE NOK,444,0.44400000000000006
12,REJECT,4,0.004
13,STORNO,1,0.001
