hours,days,years
0.0,0.0,0.0
3056.7350830480364,127.36396179366818,0.348942361078543
24850.108888888888,1035.4212037037037,2.8367704211060376
