hours,days,years
14.694999999999999,0.6122916666666666,0.001677511415525114
3141.899319038976,130.912471626624,0.35866430582636716
21738.165555555555,905.7568981481481,2.481525748351091
