hours,days,years
0.0,0.0,0.0
2862.6241980810996,119.27600825337915,0.32678358425583326
21738.165555555555,905.7568981481481,2.481525748351091
